{"a": 0.09479121071522367, "r": 0.06546441390177711, "o": 0.06711021623041233, "n": 0.04909393329248008, "b": 0.024021710583909655, "c": 0.032460824652017856, "i": 0.05961656307449882, "k": 0.021132802241092534, "s": 0.09885319093057866, "f": 0.016563074498818175, "t": 0.05233301234351746, "d": 0.03671539875689399, "e": 0.10288015407511161, "h": 0.026963144532959817, "y": 0.03100761621290379, "m": 0.030377308938107327, "l": 0.0541539000262628, "w": 0.014882255099360938, "u": 0.038466252297995274, "v": 0.011363039481747352, "z": 0.0059178849689223495, "g": 0.024932154425282325, "p": 0.030587411363039482, "x": 0.0042020484986430885, "q": 0.0017158364702792612, "j": 0.00439464238816423}